id;name;user_id;date_added
1;portal reboot;holistic Peso Handcrafted;2021-11-14
2;Borders target Cambridgeshire;circuit Account Outdoors;2021-11-15
3;Tools Account;Account online deliverables;2021-11-15
4;Virginia Finland;Jewelery;2021-11-15
5;overriding web-enabled;Auto Minnesota Bedfordshire;2021-11-15
6;Corners;proactive Practical impactful;2021-11-15
7;Hryvnia;Cambridgeshire;2021-11-15
8;Shoes Mobility;connecting Pizza interfaces;2021-11-15
9;Auto intuitive multi-state;Internal state;2021-11-15
10;Table;object-oriented visionary Ball;2021-11-14
